,ID,Sequence,Pred_tgt_calcium,Pred_tgt_nAChRs,Pred_tgt_potassium,Pred_tgt_sodium,Pred_tgt_calcium_probability,Pred_tgt_nAChRs_probability,Pred_tgt_potassium_probability,Pred_tgt_sodium_probability
0,IMP_sodium_1,GAVPCGKDGRQCRNHADCCNCCPIGTCAPSTNWILPGCSTGPFMTR,Modulate,Modulate,Modulate,Modulate,0.99873984,0.9654913,0.99189365,0.99770623
1,IMP_sodium_2,MKIFSILLVALIICSISICTEAFGLIDVKCFASSECWTACKKVTGSGQGKCQNNQCRCY,Modulate,Modulate,Modulate,Modulate,0.9967655,0.9859308,0.9949516,0.9990569
2,IMP_sodium_3,RDCQEKWEYCIVPILGFVYCCPGLICGPFVCV,Modulate,Modulate,Modulate,Modulate,0.99541783,0.9655683,0.9936724,0.96679544
3,IMP_calcium_1,MKLTCMMIIAVLFLTAWTFVMADDPRDEPEARDEMNPAASKLNERGCLEVDYFCGIPFANNGLCCSGNCVFVCTPQGK,Modulate,Modulate,Modulate,Modulate,0.9973048,0.98812926,0.9946774,0.97818995
4,IMP_calcium_2,AECLMIGDTSCVPRLGRRCCYGAWCYCDQQLSCRRVGRKRECGWVEVNCKCGWSWSQRIDDWRADYSCKCPEDQ,Modulate,Modulate,Modulate,Modulate,0.99895465,0.9810283,0.993165,0.999954
5,IMP_calcium_3,MKFALFSVLVVLLIATFVAADECPRICTADYRPVCGTPSGGRRSANRTFGNQCSLNAHNCLNKGDTYDKLHDGECK,Modulate,Modulate,Modulate,Modulate,0.9957928,0.9788378,0.99484444,0.98744327
6,IMP_potassium_1,MQKLLIILILFCILKFNVDVEGRTAFPCNQSKCQERCKKEIKKGKCILQFISVSASQSCRCY,Modulate,Modulate,Modulate,Modulate,0.99480474,0.9664948,0.9951256,0.9453663
7,IMP_potassium_2,GKFGKCKPNICAKTCQTEKGKGMGYCNKTECVCSEW,Modulate,Modulate,Modulate,Modulate,0.9971991,0.9685786,0.9880741,0.9987144
8,IMP_potassium_3,MKSTLMTASVLILVLLSIVDYASVYAEFIDSEISLERQWINACFNVCMKISSDKKYCKYLCGKN,Modulate,Modulate,Modulate,Modulate,0.99649334,0.97289485,0.9937995,0.80477923
9,IMP_nAChRs_1,MKTLLLTLVMVTIMCLDLGYTLTCYKGYHDTVVCKPHETICYEYFIPATHGNAILARGCGTSCPGGIRPVCCRTDLCNK,Modulate,Modulate,Modulate,Modulate,0.9958626,0.98792505,0.9948126,0.9986813
10,IMP_nAChRs_2,LTCFNDFSPTAHTVEDCQRGITTCYMKTWRVHRETVIERGCGCPKVKPGIRLKCCTGNTCNY,Modulate,Modulate,Modulate,Modulate,0.9968537,0.98749304,0.9943114,0.9983833
11,IMP_nAChRs_3,LKCYGIFRKIMTCPQGQNICEKFAYSPMHNGWMYSWGCTSNCHKGPLDKCCSTDLCNY,Modulate,Modulate,Modulate,Modulate,0.9967748,0.9862982,0.99361277,0.9997585
12,Non_IMP_1,MLLKPGEQILNEELALRVASGTSDIQRLPAQFRLDGVEGGDAAAVRPLSGFTAADG,-,-,-,-,0.0019518733,0.009838134,0.0075900555,0.0004079938
13,Non_IMP_2,MRRLKHIGSIHDYVKEFSSPMLEIPNMIEEEFLFNFMDNLQGWAEQELRRRGVQDLATAMIVAESSTYYKRGDSSKVESRRIATPQVGETKFQRTIILFE,-,-,-,-,0.0019109249,0.008498937,0.0078014135,5.4619545e-07
14,Non_IMP_3,MTTRTKPLADSEPERTFDMLQHIGNNGWARNSQSESLCPVYLQTLADQGVSIQDTLNEMRSRGFSGHALRQLQRWENKRVYGVFDPKPHQRRRV,-,-,-,-,0.0019128025,0.00851658,0.0077398717,8.017542e-07
15,Non_IMP_4,MISTLATLYTVGLLVVDAINVLGGEPLADVVARDGLMPIVLHFGITLASVGPTFRALSARRREPDQPGYALAALALIGGSLVLLVIAAAAGLVLRSIV,-,-,-,-,0.0019003451,0.00913468,0.0076875985,4.167709e-07
16,Non_IMP_5,VMGDGLANQINNPEVEVDITKPDMTIRQQIMQLKIMTNRLGNANVGNDVDFQDTSDDMSGSGSGDSCPDEVC,-,-,-,-,0.0027642846,0.01573798,0.007888138,0.008185655
17,Non_IMP_6,MSSIVSTVRLMGGSWQTIAGASLLAMVANDNAGSLTPRSVFGFIASKLAPTGVVDVGYKAFILDIAPSGA,-,-,-,-,0.0019194186,0.0086868405,0.0076669753,9.769881e-06
18,Non_IMP_7,GWAPAGLSARSPSKPYVRVSSHAAHAVRGGPAFIRKSCSASQRKANNLNIAKPDAKLGSRTSKQLQSSYNGGGESTRKAGRRGTMKWK,-,-,-,-,0.0019337237,0.008578122,0.007829368,7.8847785e-05
